dataset,algo,use_contrastive,seed,agent_id,avg_acc,final_acc,forward,backward
mnist,modular,True,seed_0,agent_1,0.9440154808754582,0.9440154808754582,0.0,-0.0001146974927836164
mnist,modular,True,seed_0,agent_2,0.9509013758684112,0.9509013758684112,0.0,-0.00011743901683994307
mnist,modular,True,seed_0,agent_3,0.9636815350788548,0.9636815350788548,0.0,0.00012850491394877928
mnist,modular,True,seed_0,agent_0,0.9602841687325424,0.9602841687325424,0.0,0.000133501406179376
mnist,monolithic,True,seed_0,agent_1,0.9354458732261812,0.9354458732261812,0.0,0.010337513829870887
mnist,monolithic,True,seed_0,agent_2,0.9464122940655774,0.9464122940655774,0.4611166500498505,-0.001766107364718772
mnist,monolithic,True,seed_0,agent_3,0.9352936204876388,0.9352936204876388,0.0,-0.004463956340131692
mnist,monolithic,True,seed_0,agent_0,0.9583754210424692,0.9583754210424692,0.0458900655572365,-0.004428775862588913
