dataset,algo,use_contrastive,seed,agent_id,avg_acc,final_acc,forward,backward
mnist,monolithic,True,seed_0,agent_1,0.9433407241219105,0.9447288695735524,0.476569662604875,0.006746383083116806
mnist,monolithic,True,seed_0,agent_2,0.942535279024478,0.9536115444409794,0.540654208329564,-0.011562605162445746
mnist,monolithic,True,seed_0,agent_6,0.9399738691534895,0.9517290216983746,0.5705718993156367,-0.004848717988120921
mnist,monolithic,True,seed_0,agent_7,0.9318476357805032,0.9601641600571346,0.5080465698118762,-0.008208889483605711
mnist,monolithic,True,seed_0,agent_69420,0.9622316894966292,0.9622316894966292,0.49162363069359394,0.4717125851364332
mnist,monolithic,True,seed_0,agent_4,0.9596900904843421,0.9617923256327676,0.45865944087422644,-0.004070872157711884
mnist,monolithic,True,seed_0,agent_3,0.9560683819765168,0.9634036008536944,0.5629568647247921,-0.010099361338020245
mnist,monolithic,True,seed_0,agent_0,0.9582454792812488,0.9633512288398492,0.478674812103806,-0.0003970672149921528
mnist,monolithic,True,seed_0,agent_5,0.964200974864792,0.971638750880896,0.4968878040438142,-0.002336809745962413
