dataset,algo,use_contrastive,seed,agent_id,avg_acc,final_acc,forward,backward
mnist,modular,False,seed_0,agent_1,0.9408456482145797,0.9420833648486692,0.5154555763010834,0.000277414326201422
mnist,modular,False,seed_0,agent_2,0.9781231708694432,0.9772209739605572,0.5040736592285372,-0.00012534243691979358
mnist,modular,False,seed_0,agent_3,0.9556139338663008,0.9596598862104624,0.5039869545940542,-6.51079154643213e-05
mnist,modular,False,seed_0,agent_0,0.9739810941817632,0.9759820621523586,0.5044746664232085,-6.873695929104206e-05
