dataset,algo,use_contrastive,seed,agent_id,avg_acc,final_acc,forward,backward
cifar100,modular,True,seed_0,agent_1,0.7432322109445851,0.7586999999999999,0.20325000000000001,-0.00011956521739130567
cifar100,modular,True,seed_0,agent_2,0.7534381406975592,0.7676000000000001,0.19737500000000002,-0.000434782608695652
cifar100,modular,True,seed_0,agent_6,0.796722962577176,0.7899,0.19562500000000002,0.0
cifar100,modular,True,seed_0,agent_7,0.7700699494020556,0.7604000000000001,0.20275,-0.0006195652173913043
cifar100,modular,True,seed_0,agent_4,0.7622917629025601,0.7451999999999999,0.18787500000000001,-0.0010543478260869558
cifar100,modular,True,seed_0,agent_3,0.7383953146607221,0.7624000000000002,0.212125,-0.00027173913043478467
cifar100,modular,True,seed_0,agent_0,0.7763167898186909,0.7765,0.205375,-0.0007934782608695653
cifar100,modular,True,seed_0,agent_5,0.7680423393524689,0.7784,0.218875,0.00019565217391304305
