train_task,test_task,test_acc,test_loss,epoch
0,0,0.5235042735042735,0.6914830004048144,0
0,avg,0.5235042735042735,0.6914830004048144,0
0,0,0.5235042735042735,0.6914830004048144,0
0,avg,0.5235042735042735,0.6914830004048144,0
1,0,0.5235042735042735,0.6914830004048144,0
1,1,0.4929718875502008,0.6938598893253679,0
1,avg,0.5082380805272372,0.6926714448650911,0
1,0,0.5235042735042735,0.6914830004048144,0
1,1,0.4929718875502008,0.6938598893253679,0
1,avg,0.5082380805272372,0.6926714448650911,0
2,0,0.5235042735042735,0.6914830004048144,0
2,1,0.4929718875502008,0.6938598893253679,0
2,2,0.4814070351758794,0.6998106836673602,0
2,avg,0.4992943987434513,0.6950511911325141,0
2,0,0.5235042735042735,0.6914830004048144,0
2,1,0.4929718875502008,0.6938598893253679,0
2,2,0.4814070351758794,0.6998106836673602,0
2,avg,0.4992943987434513,0.6950511911325141,0
